"Method","Changeover"
"Existing",19
"Existing",24
"Existing",39
"Existing",12
"Existing",29
"Existing",19
"Existing",23
"Existing",22
"Existing",12
"Existing",29
"Existing",22
"Existing",23
"Existing",12
"Existing",40
"Existing",16
"Existing",9
"Existing",20
"Existing",25
"Existing",10
"Existing",13
"Existing",9
"Existing",9
"Existing",14
"Existing",11
"Existing",19
"Existing",31
"Existing",16
"Existing",20
"Existing",11
"Existing",11
"Existing",21
"Existing",24
"Existing",28
"Existing",30
"Existing",14
"Existing",12
"Existing",12
"Existing",17
"Existing",16
"Existing",18
"Existing",12
"Existing",16
"Existing",11
"Existing",15
"Existing",20
"Existing",15
"Existing",11
"Existing",12
"Existing",17
"Existing",13
"Existing",16
"Existing",20
"Existing",26
"Existing",36
"Existing",16
"Existing",18
"Existing",13
"Existing",19
"Existing",11
"Existing",16
"Existing",14
"Existing",8
"Existing",21
"Existing",24
"Existing",7
"Existing",23
"Existing",11
"Existing",12
"Existing",27
"Existing",12
"Existing",17
"Existing",16
"New",15
"New",24
"New",20
"New",22
"New",13
"New",6
"New",20
"New",26
"New",10
"New",19
"New",11
"New",13
"New",21
"New",8
"New",13
"New",14
"New",11
"New",16
"New",8
"New",30
"New",9
"New",7
"New",8
"New",28
"New",11
"New",12
"New",15
"New",7
"New",9
"New",12
"New",23
"New",19
"New",14
"New",8
"New",14
"New",5
"New",14
"New",25
"New",5
"New",7
"New",11
"New",7
"New",6
"New",12
"New",8
"New",14
"New",40
"New",35
